,Mean CV Accuracy,Std CV Accuracy
Random Forest,0.9937333333333334,0.001717879830230019
Gradient Boosting,0.9938666666666667,0.0017587874611030474
SVM,0.9969333333333333,0.001372750685464959
Logistic Regression,0.9475999999999999,0.0021746008573733577
KNN,0.9957333333333335,0.001611072796479288
Naive Bayes,0.9553333333333335,0.002347575581554541
Decision Tree,0.9914666666666667,0.0017074997966487501
AdaBoost,0.9558666666666668,0.01814705363290569
